Consensus_Site	Consensus_nonstructural_protein_NS3_concat_1_Site	Consensus_nonstructural_protein_NS3_DENV3_1_Site
0	0	0
1	1	1
2	2	2
3	3	3
4	4	4
5	5	5
6	6	6
7	7	7
8	8	8
9	9	9
10	10	10
11	11	11
12	12	12
13	13	13
14	14	14
15	15	15
16	16	16
17	17	17
18	18	18
19	19	19
20	20	20
21	21	21
22	22	22
23	23	23
24	24	24
25	25	25
26	26	26
27	27	27
28	28	28
29	29	29
30	30	30
31	31	31
32	32	32
33	33	33
34	34	34
35	35	35
36	36	36
37	37	37
38	38	38
39	39	39
40	40	40
41	41	41
42	42	42
43	43	43
44	44	44
45	45	45
46	46	46
47	47	47
48	48	48
49	49	49
50	50	50
51	51	51
52	52	52
53	53	53
54	54	54
55	55	55
56	56	56
57	57	57
58	58	58
59	59	59
60	60	60
61	61	61
62	62	62
63	63	63
64	64	64
65	65	65
66	66	66
67	67	67
68	68	68
69	69	69
70	70	70
71	71	71
72	72	72
73	73	73
74	74	74
75	75	75
76	76	76
77	77	77
78	78	78
79	79	79
80	80	80
81	81	81
82	82	82
83	83	83
84	84	84
85	85	85
86	86	86
87	87	87
88	88	88
89	89	89
90	90	90
91	91	91
92	92	92
93	93	93
94	94	94
95	95	95
96	96	96
97	97	97
98	98	98
99	99	99
100	100	100
101	101	101
102	102	102
103	103	103
104	104	104
105	105	105
106	106	106
107	107	107
108	108	108
109	109	109
110	110	110
111	111	111
112	112	112
113	113	113
114	114	114
115	115	115
116	116	116
117	117	117
118	118	118
119	119	119
120	120	120
121	121	121
122	122	122
123	123	123
124	124	124
125	125	125
126	126	126
127	127	127
128	128	128
129	129	129
130	130	130
131	131	131
132	132	132
133	133	133
134	134	134
135	135	135
136	136	136
137	137	137
138	138	138
139	139	139
140	140	140
141	141	141
142	142	142
143	143	143
144	144	144
145	145	145
146	146	146
147	147	147
148	148	148
149	149	149
150	150	150
151	151	151
152	152	152
153	153	153
154	154	154
155	155	155
156	156	156
157	157	157
158	158	158
159	159	159
160	160	160
161	161	161
162	162	162
163	163	163
164	164	164
165	165	165
166	166	166
167	167	167
168	168	168
169	169	169
170	170	170
171	171	171
172	172	172
173	173	173
174	174	174
175	-	175
176	175	176
177	176	177
178	177	178
179	178	179
180	179	180
181	180	181
182	181	182
183	182	183
184	183	184
185	184	185
186	185	186
187	186	187
188	187	188
189	188	189
190	189	190
191	190	191
192	191	192
193	192	193
194	193	194
195	194	195
196	195	196
197	196	197
198	197	198
199	198	199
200	199	200
201	200	201
202	201	202
203	202	203
204	203	204
205	204	205
206	205	206
207	206	207
208	207	208
209	208	209
210	209	210
211	210	211
212	211	212
213	212	213
214	213	214
215	214	215
216	215	216
217	216	217
218	217	218
219	218	219
220	219	220
221	220	221
222	221	222
223	222	223
224	223	224
225	224	225
226	225	226
227	226	227
228	227	228
229	228	229
230	229	230
231	230	231
232	231	232
233	232	233
234	233	234
235	234	235
236	235	236
237	236	237
238	237	238
239	238	239
240	239	240
241	240	241
242	241	242
243	242	243
244	243	244
245	244	245
246	245	246
247	246	247
248	247	248
249	248	249
250	249	250
251	250	251
252	251	252
253	252	253
254	253	254
255	254	255
256	255	256
257	256	257
258	257	258
259	258	259
260	259	260
261	260	261
262	261	262
263	262	263
264	263	264
265	264	265
266	265	266
267	266	267
268	267	268
269	268	269
270	269	270
271	270	271
272	271	272
273	272	273
274	273	274
275	274	275
276	275	276
277	276	277
278	277	278
279	278	279
280	279	280
281	280	281
282	281	282
283	282	283
284	283	284
285	284	285
286	285	286
287	286	287
288	287	288
289	288	289
290	289	290
291	290	291
292	291	292
293	292	293
294	293	294
295	294	295
296	295	296
297	296	297
298	297	298
299	298	299
300	299	300
301	300	301
302	301	302
303	302	303
304	303	304
305	304	305
306	305	306
307	306	307
308	307	308
309	308	309
310	309	310
311	310	311
312	311	312
313	312	313
314	313	314
315	314	315
316	315	316
317	316	317
318	317	318
319	318	319
320	319	320
321	320	321
322	321	322
323	322	323
324	323	324
325	324	325
326	325	326
327	326	327
328	327	328
329	328	329
330	329	330
331	330	331
332	331	332
333	332	333
334	333	334
335	334	335
336	335	336
337	336	337
338	337	338
339	338	339
340	339	340
341	340	341
342	341	342
343	342	343
344	343	344
345	344	345
346	345	346
347	346	347
348	347	348
349	348	349
350	349	350
351	350	351
352	351	352
353	352	353
354	353	354
355	354	355
356	355	356
357	356	357
358	357	358
359	358	359
360	359	360
361	360	361
362	361	362
363	362	363
364	363	364
365	364	365
366	365	366
367	366	367
368	367	368
369	368	369
370	369	370
371	370	371
372	371	372
373	372	373
374	373	374
375	374	375
376	375	376
377	376	377
378	377	378
379	378	379
380	379	380
381	380	381
382	381	382
383	382	383
384	383	384
385	384	385
386	385	386
387	386	387
388	387	388
389	388	389
390	389	390
391	390	391
392	391	392
393	392	393
394	393	394
395	394	395
396	395	396
397	396	397
398	397	398
399	398	399
400	399	400
401	400	401
402	401	402
403	402	403
404	403	404
405	404	405
406	405	406
407	406	407
408	407	408
409	408	409
410	409	410
411	410	411
412	411	412
413	412	413
414	413	414
415	414	415
416	415	416
417	416	417
418	417	418
419	418	419
420	419	420
421	420	421
422	421	422
423	422	423
424	423	424
425	424	425
426	425	426
427	426	427
428	427	428
429	428	429
430	429	430
431	430	431
432	431	432
433	432	433
434	433	434
435	434	435
436	435	436
437	436	437
438	437	438
439	438	439
440	439	440
441	440	441
442	441	442
443	442	443
444	443	444
445	444	445
446	445	446
447	446	447
448	447	448
449	448	449
450	449	450
451	450	451
452	451	452
453	452	453
454	453	454
455	454	455
456	455	456
457	456	457
458	457	458
459	458	459
460	459	460
461	460	461
462	461	462
463	462	463
464	463	464
465	464	465
466	465	466
467	466	467
468	467	468
469	468	469
470	469	470
471	470	471
472	471	472
473	472	473
474	473	474
475	474	475
476	475	476
477	476	477
478	477	478
479	478	479
480	479	480
481	480	481
482	481	482
483	482	483
484	483	484
485	484	485
486	485	486
487	486	487
488	487	488
489	488	489
490	489	490
491	490	491
492	491	492
493	492	493
494	493	494
495	494	495
496	495	496
497	496	497
498	497	498
499	498	499
500	499	500
501	500	501
502	501	502
503	502	503
504	503	504
505	504	505
506	505	506
507	506	507
508	507	508
509	508	509
510	509	510
511	510	511
512	511	512
513	512	513
514	513	514
515	514	515
516	515	516
517	516	517
518	517	518
519	518	519
520	519	520
521	520	521
522	521	522
523	522	523
524	523	524
525	524	525
526	525	526
527	526	527
528	527	528
529	528	529
530	529	530
531	530	531
532	531	532
533	532	533
534	533	534
535	534	535
536	535	536
537	536	537
538	537	538
539	538	539
540	539	540
541	540	541
542	541	542
543	542	543
544	543	544
545	544	545
546	545	546
547	546	547
548	547	548
549	548	549
550	549	550
551	550	551
552	551	552
553	552	553
554	553	554
555	554	555
556	555	556
557	556	557
558	557	558
559	558	559
560	559	560
561	560	561
562	561	562
563	562	563
564	563	564
565	564	565
566	565	566
567	566	567
568	567	568
569	568	569
570	569	570
571	570	571
572	571	572
573	572	573
574	573	574
575	574	575
576	575	576
577	576	577
578	577	578
579	578	579
580	579	580
581	580	581
582	581	582
583	582	583
584	583	584
585	584	585
586	585	586
587	586	587
588	587	588
589	588	589
590	589	590
591	590	591
592	591	592
593	592	593
594	593	594
595	594	595
596	595	596
597	596	597
598	597	598
599	598	599
600	599	600
601	600	601
602	601	602
603	602	603
604	603	604
605	604	605
606	605	606
607	606	607
608	607	608
609	608	609
610	609	610
611	610	611
612	611	612
613	612	613
614	613	614
615	614	615
616	615	616
617	616	617
618	617	618
